{
  "hash": "5225a6cf",
  "configHash": "a188d26b",
  "lockfileHash": "8c8f7500",
  "browserHash": "53b9fcdd",
  "optimized": {
    "@angular/common": {
      "src": "../../../../../node_modules/@angular/common/fesm2022/common.mjs",
      "file": "@angular_common.js",
      "fileHash": "fb277b47",
      "needsInterop": false
    },
    "@angular/common/http": {
      "src": "../../../../../node_modules/@angular/common/fesm2022/http.mjs",
      "file": "@angular_common_http.js",
      "fileHash": "24816122",
      "needsInterop": false
    },
    "@angular/core": {
      "src": "../../../../../node_modules/@angular/core/fesm2022/core.mjs",
      "file": "@angular_core.js",
      "fileHash": "c851b569",
      "needsInterop": false
    },
    "@angular/forms": {
      "src": "../../../../../node_modules/@angular/forms/fesm2022/forms.mjs",
      "file": "@angular_forms.js",
      "fileHash": "227b43c1",
      "needsInterop": false
    },
    "@angular/platform-browser": {
      "src": "../../../../../node_modules/@angular/platform-browser/fesm2022/platform-browser.mjs",
      "file": "@angular_platform-browser.js",
      "fileHash": "90dd770c",
      "needsInterop": false
    },
    "@angular/router": {
      "src": "../../../../../node_modules/@angular/router/fesm2022/router.mjs",
      "file": "@angular_router.js",
      "fileHash": "c4456d19",
      "needsInterop": false
    },
    "rxjs": {
      "src": "../../../../../node_modules/rxjs/dist/esm5/index.js",
      "file": "rxjs.js",
      "fileHash": "61741cc8",
      "needsInterop": false
    }
  },
  "chunks": {
    "chunk-AHDKDJTC": {
      "file": "chunk-AHDKDJTC.js"
    },
    "chunk-MH63QHRW": {
      "file": "chunk-MH63QHRW.js"
    },
    "chunk-XLSINCXO": {
      "file": "chunk-XLSINCXO.js"
    },
    "chunk-YFXVGDDX": {
      "file": "chunk-YFXVGDDX.js"
    },
    "chunk-W7WAD56I": {
      "file": "chunk-W7WAD56I.js"
    }
  }
}